Sku,UPC,Catalogue N,Label,Arq COST,Cost Price,V.S.P.,Latest SOH,01-2019: QTY SOLD,01-2019: QTY SOLDArqoob Cost,01-2019: QTY SOLDQTY SOLD VALUE,02-2019: QTY SOLD,02-2019: QTY SOLDArqoob Cost,02-2019: QTY SOLDQTY SOLD VALUE,03-2019: QTY SOLD,03-2019: QTY SOLDArqoob Cost,03-2019: QTY SOLDQTY SOLD VALUE,04-2019: QTY SOLD,04-2019: QTY SOLDArqoob Cost,04-2019: QTY SOLDQTY SOLD VALUE,05-2019: QTY SOLD,05-2019: QTY SOLDArqoob Cost,05-2019: QTY SOLDQTY SOLD VALUE,06-2019: QTY SOLD,06-2019: QTY SOLDArqoob Cost,06-2019: QTY SOLDQTY SOLD VALUE,07-2019: QTY SOLD,07-2019: QTY SOLDArqoob Cost,07-2019: QTY SOLDQTY SOLD VALUE,08-2019: QTY SOLD,08-2019: QTY SOLDArqoob Cost,08-2019: QTY SOLDQTY SOLD VALUE,09-2019: QTY SOLD,09-2019: QTY SOLDArqoob Cost,09-2019: QTY SOLDQTY SOLD VALUE,Total Qty Sold,Total Arghoob Cost,Total Arqhoob Price,Qty Avg Day,Qty Avg Month,Value Avg Month,Qty Stock Value,Days Stock in Hand,Current stock cover upto (Week),Current stock cover upto (Month),Current stock cover upto (Date)
317277,4716076166958,BK18002-BK     ,BONE COLLECTION               ,23.16,39.5,79,5,0,0.0,0.0,0,0.0,0.0,0,0.0,0.0,0,0.0,0.0,0,0.0,0.0,0,0.0,0.0,6,138.96,237.0,1,23.16,39.5,0,0.0,0.0,7.0,162.12,276.5,0.03,0.78,30.72,197.5,166.67,24.0,6.0,2020-02-29
317278,4716076166941,BK18002-R      ,BONE COLLECTION               ,23.16,39.5,79,28,0,0.0,0.0,0,0.0,0.0,0,0.0,0.0,0,0.0,0.0,0,0.0,0.0,0,0.0,0.0,1,23.16,39.5,5,115.8,197.5,0,0.0,0.0,6.0,138.96,237.0,0.02,0.67,26.33,1106.0,1400.0,200.0,47.0,2023-07-16
317280,4716076166965,BK18002-GR     ,BONE COLLECTION               ,23.16,39.5,79,19,0,0.0,0.0,0,0.0,0.0,0,0.0,0.0,0,0.0,0.0,0,0.0,0.0,2,46.32,79.0,7,162.12,276.5,3,69.48,118.5,0,0.0,0.0,12.0,277.92,474.0,0.04,1.33,52.67,750.5,475.0,68.0,16.0,2021-01-02
317296,4716076167474,PH18502-GR     ,BONE COLLECTION               ,28.95,44.5,89,28,0,0.0,0.0,0,0.0,0.0,0,0.0,0.0,0,0.0,0.0,0,0.0,0.0,4,115.8,178.0,8,231.6,356.0,9,260.55,400.5,1,28.95,44.5,22.0,636.9,979.0,0.08,2.44,108.78,1246.0,350.0,50.0,12.0,2020-08-30
317301,4716076167450,PH18501-GR     ,BONE COLLECTION               ,28.95,44.5,89,22,0,0.0,0.0,0,0.0,0.0,0,0.0,0.0,0,0.0,0.0,0,0.0,0.0,1,28.95,44.5,0,0.0,0.0,3,86.85,133.5,0,0.0,0.0,4.0,115.8,178.0,0.01,0.44,19.78,979.0,2200.0,314.0,73.0,2025-09-23
317311,4716076168341,PH18101-DEE    ,BONE COLLECTION               ,22.39,29.5,59,6,0,0.0,0.0,0,0.0,0.0,0,0.0,0.0,0,0.0,0.0,0,0.0,0.0,3,67.17,88.5,9,201.51,265.5,6,134.34,177.0,0,0.0,0.0,18.0,403.02,531.0,0.07,2.0,59.0,177.0,85.71,12.0,3.0,2019-12-10
317312,4716076168358,PH18101-DUC    ,BONE COLLECTION               ,22.39,29.5,59,1,0,0.0,0.0,0,0.0,0.0,0,0.0,0.0,0,0.0,0.0,0,0.0,0.0,2,44.78,59.0,7,156.73,206.5,0,0.0,0.0,2,44.78,59.0,11.0,246.29,324.5,0.04,1.22,36.06,29.5,25.0,4.0,1.0,2019-10-10
317316,4716076168365,PH18101-CAT    ,BONE COLLECTION               ,22.39,29.5,59,1,0,0.0,0.0,0,0.0,0.0,0,0.0,0.0,0,0.0,0.0,0,0.0,0.0,7,156.73,206.5,10,223.9,295.0,7,156.73,206.5,0,0.0,0.0,24.0,537.36,708.0,0.09,2.67,78.67,29.5,11.11,2.0,0.0,2019-09-26
317320,4716076167856,PH18080-DEE    ,BONE COLLECTION               ,21.23,29.5,59,4,0,0.0,0.0,0,0.0,0.0,0,0.0,0.0,0,0.0,0.0,0,0.0,0.0,2,42.46,59.0,9,191.07,265.5,5,106.15,147.5,0,0.0,0.0,16.0,339.68,472.0,0.06,1.78,52.44,118.0,66.67,10.0,2.0,2019-11-21
317324,4716076167863,PH18080-DUC    ,BONE COLLECTION               ,21.23,29.5,59,-1,0,0.0,0.0,0,0.0,0.0,0,0.0,0.0,0,0.0,0.0,0,0.0,0.0,1,21.23,29.5,5,106.15,147.5,1,21.23,29.5,0,0.0,0.0,7.0,148.61,206.5,0.03,0.78,22.94,-29.5,-33.33,-5.0,-1.0,2019-08-13
317327,4716076167870,PH18080-CAT    ,BONE COLLECTION               ,21.23,29.5,59,1,0,0.0,0.0,0,0.0,0.0,0,0.0,0.0,0,0.0,0.0,0,0.0,0.0,4,84.92,118.0,8,169.84,236.0,2,42.46,59.0,0,0.0,0.0,14.0,297.22,413.0,0.05,1.56,45.89,29.5,20.0,3.0,1.0,2019-10-05
317333,4716076167924,PH18082-PEN    ,BONE COLLECTION               ,22.39,29.5,59,10,0,0.0,0.0,0,0.0,0.0,0,0.0,0.0,0,0.0,0.0,0,0.0,0.0,0,0.0,0.0,2,44.78,59.0,2,44.78,59.0,0,0.0,0.0,4.0,89.56,118.0,0.01,0.44,13.11,295.0,1000.0,143.0,33.0,2022-06-11
317335,4716076167931,PH18082-DEE    ,BONE COLLECTION               ,22.39,29.5,59,18,0,0.0,0.0,0,0.0,0.0,0,0.0,0.0,0,0.0,0.0,0,0.0,0.0,0,0.0,0.0,5,111.95,147.5,4,89.56,118.0,0,0.0,0.0,9.0,201.51,265.5,0.03,1.0,29.5,531.0,600.0,86.0,20.0,2021-05-07
317336,4716076167948,PH18082-DUC    ,BONE COLLECTION               ,22.39,29.5,59,6,0,0.0,0.0,0,0.0,0.0,0,0.0,0.0,0,0.0,0.0,0,0.0,0.0,2,44.78,59.0,4,89.56,118.0,1,22.39,29.5,2,44.78,59.0,9.0,201.51,265.5,0.03,1.0,29.5,177.0,200.0,29.0,7.0,2020-04-02
317339,4716076167955,PH18082-CAT    ,BONE COLLECTION               ,22.39,29.5,59,14,0,0.0,0.0,0,0.0,0.0,0,0.0,0.0,0,0.0,0.0,0,0.0,0.0,1,22.39,29.5,7,156.73,206.5,3,67.17,88.5,1,22.39,29.5,12.0,268.68,354.0,0.04,1.33,39.33,413.0,350.0,50.0,12.0,2020-08-30
317343,4716076167979,PH18084-DEE    ,BONE COLLECTION               ,22.39,29.5,59,33,0,0.0,0.0,0,0.0,0.0,0,0.0,0.0,0,0.0,0.0,0,0.0,0.0,0,0.0,0.0,4,89.56,118.0,4,89.56,118.0,1,22.39,29.5,9.0,201.51,265.5,0.03,1.0,29.5,973.5,1100.0,157.0,37.0,2022-09-19
317345,4716076167993,PH18084-CAT    ,BONE COLLECTION               ,22.39,29.5,59,10,0,0.0,0.0,0,0.0,0.0,0,0.0,0.0,0,0.0,0.0,0,0.0,0.0,0,0.0,0.0,8,179.12,236.0,8,179.12,236.0,0,0.0,0.0,16.0,358.24,472.0,0.06,1.78,52.44,295.0,166.67,24.0,6.0,2020-02-29
663479,6953156293014,CAHUB-AZ0G     ,BASEUS                        ,102.13,150.0,309,38,0,0.0,0.0,0,0.0,0.0,0,0.0,0.0,0,0.0,0.0,0,0.0,0.0,0,0.0,0.0,3,306.39,450.0,4,408.52,600.0,0,0.0,0.0,7.0,714.91,1050.0,0.03,0.78,116.67,5700.0,1266.67,181.0,42.0,2023-03-05
663480,6953156292314,NGH15-01       ,BASEUS                        ,18.13,49.5,109,30,0,0.0,0.0,0,0.0,0.0,0,0.0,0.0,0,0.0,0.0,0,0.0,0.0,0,0.0,0.0,8,145.04,396.0,10,181.3,495.0,1,18.13,49.5,19.0,344.47,940.5,0.07,2.11,104.5,1485.0,428.57,61.0,14.0,2020-11-17
663481,6953156292321,NGH15-91       ,BASEUS                        ,18.13,49.5,109,34,0,0.0,0.0,0,0.0,0.0,0,0.0,0.0,0,0.0,0.0,0,0.0,0.0,0,0.0,0.0,8,145.04,396.0,12,217.56,594.0,0,0.0,0.0,20.0,362.6,990.0,0.07,2.22,110.0,1683.0,485.71,69.0,16.0,2021-01-13
663501,6953156293267,NGW01-01       ,BASEUS                        ,66.22,114.5,239,24,0,0.0,0.0,0,0.0,0.0,0,0.0,0.0,0,0.0,0.0,0,0.0,0.0,0,0.0,0.0,5,331.1,572.5,19,1258.18,2175.5,3,198.66,343.5,27.0,1787.94,3091.5,0.1,3.0,343.5,2748.0,240.0,34.0,8.0,2020-05-12
665858,6953156293274,NGW01-02       ,BASEUS                        ,66.22,114.5,239,38,0,0.0,0.0,0,0.0,0.0,0,0.0,0.0,0,0.0,0.0,0,0.0,0.0,4,264.88,458.0,4,264.88,458.0,9,595.98,1030.5,2,132.44,229.0,19.0,1258.18,2175.5,0.07,2.11,241.72,4351.0,542.86,78.0,18.0,2021-03-11
665859,6953156293243,NGA03-01       ,BASEUS                        ,30.82,69.5,149,22,0,0.0,0.0,0,0.0,0.0,0,0.0,0.0,0,0.0,0.0,0,0.0,0.0,0,0.0,0.0,12,369.84,834.0,9,277.38,625.5,0,0.0,0.0,21.0,647.22,1459.5,0.08,2.33,162.17,1529.0,275.0,39.0,9.0,2020-06-16
665860,6953156293250,NGA03-02       ,BASEUS                        ,27.19,69.5,149,37,0,0.0,0.0,0,0.0,0.0,0,0.0,0.0,0,0.0,0.0,0,0.0,0.0,0,0.0,0.0,10,271.9,695.0,6,163.14,417.0,1,27.19,69.5,17.0,462.23,1181.5,0.06,1.89,131.28,2571.5,616.67,88.0,21.0,2021-05-24
665862,6953156294073,WXYDIW02-01    ,BASEUS                        ,23.57,49.5,109,35,0,0.0,0.0,0,0.0,0.0,0,0.0,0.0,0,0.0,0.0,0,0.0,0.0,1,23.57,49.5,9,212.13,445.5,10,235.7,495.0,1,23.57,49.5,21.0,494.97,1039.5,0.08,2.33,115.5,1732.5,437.5,62.0,15.0,2020-11-26
671807,6953156294080,WXYDIW02-02    ,BASEUS                        ,23.57,49.5,109,46,0,0.0,0.0,0,0.0,0.0,0,0.0,0.0,0,0.0,0.0,0,0.0,0.0,0,0.0,0.0,8,188.56,396.0,5,117.85,247.5,1,23.57,49.5,14.0,329.98,693.0,0.05,1.56,77.0,2277.0,920.0,131.0,31.0,2022-03-23
671812,6953156292079,PPLG-01        ,BASEUS                        ,88.91,144.5,299,0,0,0.0,0.0,0,0.0,0.0,0,0.0,0.0,0,0.0,0.0,0,0.0,0.0,0,0.0,0.0,0,0.0,0.0,0,0.0,0.0,0,0.0,0.0,0.0,0.0,0.0,0.0,0.0,0.0,0.0,0.0,,,null
674011,6953156286504,SUDYZP-D19     ,BASEUS                        ,45.32,74.5,159,0,0,0.0,0.0,0,0.0,0.0,0,0.0,0.0,0,0.0,0.0,0,0.0,0.0,0,0.0,0.0,0,0.0,0.0,0,0.0,0.0,0,0.0,0.0,0.0,0.0,0.0,0.0,0.0,0.0,0.0,0.0,,,null
676636,6953156286498,SUDYZP-D1S     ,BASEUS                        ,45.32,74.5,159,34,0,0.0,0.0,0,0.0,0.0,0,0.0,0.0,0,0.0,0.0,0,0.0,0.0,0,0.0,0.0,11,498.52,819.5,11,498.52,819.5,4,181.28,298.0,26.0,1178.32,1937.0,0.1,2.89,215.22,2533.0,340.0,49.0,11.0,2020-08-20
676638,6953156286481,SUDYZP-D1V     ,BASEUS                        ,45.32,74.5,159,0,0,0.0,0.0,0,0.0,0.0,0,0.0,0.0,0,0.0,0.0,0,0.0,0.0,0,0.0,0.0,0,0.0,0.0,0,0.0,0.0,0,0.0,0.0,0.0,0.0,0.0,0.0,0.0,0.0,0.0,0.0,,,null
676641,7447902860074,BDC-480 SILVER ,BRAVE                         ,15.43,29.5,59,24,0,0.0,0.0,0,0.0,0.0,0,0.0,0.0,0,0.0,0.0,0,0.0,0.0,5,77.15,147.5,33,509.19,973.5,22,339.46,649.0,2,30.86,59.0,62.0,956.66,1829.0,0.23,6.89,203.22,708.0,104.35,15.0,3.0,2019-12-28
676642,7447902862818,BDC-480 BLACK  ,BRAVE                         ,15.43,29.5,59,19,0,0.0,0.0,0,0.0,0.0,0,0.0,0.0,0,0.0,0.0,0,0.0,0.0,5,77.15,147.5,35,540.05,1032.5,26,401.18,767.0,11,169.73,324.5,77.0,1188.11,2271.5,0.28,8.56,252.39,560.5,67.86,10.0,2.0,2019-11-22
734835,6953156282308,SUGENT-ZN01    ,BASEUS                        ,34.57,49.5,99,0,4,138.28,198.0,1,34.57,49.5,1,34.57,49.5,0,0.0,0.0,0,0.0,0.0,0,0.0,0.0,0,0.0,0.0,0,0.0,0.0,0,0.0,0.0,6.0,207.42,297.0,0.02,0.67,33.0,0.0,0.0,0.0,0.0,null
734836,6953156281479,WXZN-01        ,BASEUS                        ,51.99,69.5,149,5,6,311.94,417.0,4,207.96,278.0,14,727.86,973.0,6,311.94,417.0,15,779.85,1042.5,9,467.91,625.5,30,1559.7,2085.0,5,259.95,347.5,3,155.97,208.5,92.0,4783.08,6394.0,0.34,10.22,710.44,347.5,14.71,2.0,0.0,2019-09-30
734837,6953156282964,ACHDCJ-01      ,BASEUS                        ,5.26,24.5,49,18,82,431.32,2009.0,36,189.36,882.0,40,210.4,980.0,32,168.32,784.0,33,173.58,808.5,25,131.5,612.5,9,47.34,220.5,20,105.2,490.0,1,5.26,24.5,278.0,1462.28,6811.0,1.02,30.89,756.78,441.0,17.65,3.0,1.0,2019-10-03
734838,6953156282971,ACHDCJ-02      ,BASEUS                        ,5.39,24.5,49,8,67,361.13,1641.5,37,199.43,906.5,33,177.87,808.5,37,199.43,906.5,36,194.04,882.0,15,80.85,367.5,21,113.19,514.5,18,97.02,441.0,4,21.56,98.0,268.0,1444.52,6566.0,0.98,29.78,729.56,196.0,8.16,1.0,0.0,2019-09-23
734839,6953156278806,WXHSD-D01      ,BASEUS                        ,67.55,129.5,269,0,0,0.0,0.0,0,0.0,0.0,0,0.0,0.0,0,0.0,0.0,0,0.0,0.0,0,0.0,0.0,0,0.0,0.0,0,0.0,0.0,0,0.0,0.0,0.0,0.0,0.0,0.0,0.0,0.0,0.0,0.0,,,null
734840,6953156278813,WXHSD-D02      ,BASEUS                        ,67.55,129.5,269,0,0,0.0,0.0,0,0.0,0.0,0,0.0,0.0,0,0.0,0.0,0,0.0,0.0,0,0.0,0.0,0,0.0,0.0,0,0.0,0.0,0,0.0,0.0,0.0,0.0,0.0,0.0,0.0,0.0,0.0,0.0,,,null
734864,6953156278554,ACBZ-AP09      ,BASEUS                        ,9.37,19.5,39,3,0,0.0,0.0,0,0.0,0.0,1,9.37,19.5,1,9.37,19.5,0,0.0,0.0,0,0.0,0.0,0,0.0,0.0,0,0.0,0.0,0,0.0,0.0,2.0,18.74,39.0,0.01,0.22,4.33,58.5,300.0,43.0,10.0,2020-07-11
734865,6953156278547,ACBZ-AP01      ,BASEUS                        ,9.37,19.5,39,3,1,9.37,19.5,0,0.0,0.0,1,9.37,19.5,0,0.0,0.0,1,9.37,19.5,0,0.0,0.0,0,0.0,0.0,0,0.0,0.0,0,0.0,0.0,3.0,28.11,58.5,0.01,0.33,6.5,58.5,300.0,43.0,10.0,2020-07-11
734866,6953156278561,ACBZ-AP0G      ,BASEUS                        ,9.37,19.5,39,0,1,9.37,19.5,1,9.37,19.5,0,0.0,0.0,0,0.0,0.0,0,0.0,0.0,0,0.0,0.0,0,0.0,0.0,0,0.0,0.0,0,0.0,0.0,2.0,18.74,39.0,0.01,0.22,4.33,0.0,0.0,0.0,0.0,null
734867,6953156273887,NGW02-01       ,BASEUS                        ,57.06,104.5,219,3,10,570.6,1045.0,4,228.24,418.0,11,627.66,1149.5,5,285.3,522.5,7,399.42,731.5,1,57.06,104.5,3,171.18,313.5,1,57.06,104.5,0,0.0,0.0,42.0,2396.52,4389.0,0.15,4.67,487.67,313.5,20.0,3.0,1.0,2019-10-05
734868,6953156273894,NGW02-02       ,BASEUS                        ,53.97,104.5,219,6,3,161.91,313.5,4,215.88,418.0,4,215.88,418.0,4,215.88,418.0,1,53.97,104.5,1,53.97,104.5,0,0.0,0.0,0,0.0,0.0,0,0.0,0.0,17.0,917.49,1776.5,0.06,1.89,197.39,627.0,100.0,14.0,3.0,2019-12-24
734869,6953156264519,NGS16-09       ,BASEUS                        ,46.64,99.5,209,0,0,0.0,0.0,0,0.0,0.0,0,0.0,0.0,0,0.0,0.0,0,0.0,0.0,0,0.0,0.0,0,0.0,0.0,0,0.0,0.0,0,0.0,0.0,0.0,0.0,0.0,0.0,0.0,0.0,0.0,0.0,,,null
734870,6953156264502,NGS16-06       ,BASEUS                        ,46.37,99.5,209,0,0,0.0,0.0,0,0.0,0.0,0,0.0,0.0,0,0.0,0.0,0,0.0,0.0,0,0.0,0.0,0,0.0,0.0,0,0.0,0.0,0,0.0,0.0,0.0,0.0,0.0,0.0,0.0,0.0,0.0,0.0,,,null
734871,6953156271685,WXJS-A1        ,BASEUS                        ,31.09,59.5,119,0,0,0.0,0.0,1,31.09,59.5,0,0.0,0.0,0,0.0,0.0,0,0.0,0.0,0,0.0,0.0,0,0.0,0.0,0,0.0,0.0,0,0.0,0.0,1.0,31.09,59.5,0.0,0.11,6.61,0.0,0.0,,,null
734872,6953156271692,WXJS-S2        ,BASEUS                        ,31.03,59.5,119,0,1,31.03,59.5,0,0.0,0.0,0,0.0,0.0,0,0.0,0.0,0,0.0,0.0,0,0.0,0.0,0,0.0,0.0,0,0.0,0.0,0,0.0,0.0,1.0,31.03,59.5,0.0,0.11,6.61,0.0,0.0,,,null
734873,6953156277953,WXBV-01        ,BASEUS                        ,20.21,34.5,69,0,2,40.42,69.0,1,20.21,34.5,3,60.63,103.5,0,0.0,0.0,0,0.0,0.0,0,0.0,0.0,0,0.0,0.0,0,0.0,0.0,0,0.0,0.0,6.0,121.26,207.0,0.02,0.67,23.0,0.0,0.0,0.0,0.0,null
734874,6953156277960,WXBV-02        ,BASEUS                        ,20.25,34.5,69,0,0,0.0,0.0,0,0.0,0.0,3,60.75,103.5,0,0.0,0.0,0,0.0,0.0,0,0.0,0.0,0,0.0,0.0,0,0.0,0.0,0,0.0,0.0,3.0,60.75,103.5,0.01,0.33,11.5,0.0,0.0,0.0,0.0,null
734875,6953156277977,WXBV-03        ,BASEUS                        ,20.25,44.5,99,0,0,0.0,0.0,0,0.0,0.0,0,0.0,0.0,0,0.0,0.0,0,0.0,0.0,0,0.0,0.0,0,0.0,0.0,0,0.0,0.0,0,0.0,0.0,0.0,0.0,0.0,0.0,0.0,0.0,0.0,0.0,,,null
734876,6953156272965,CCALL-JK01     ,BASEUS                        ,25.97,49.5,99,0,1,25.97,49.5,1,25.97,49.5,3,77.91,148.5,0,0.0,0.0,0,0.0,0.0,0,0.0,0.0,0,0.0,0.0,0,0.0,0.0,0,0.0,0.0,5.0,129.85,247.5,0.02,0.56,27.5,0.0,0.0,0.0,0.0,null
734877,6953156272972,CCALL-JK02     ,BASEUS                        ,25.65,49.5,99,1,3,76.95,148.5,0,0.0,0.0,1,25.65,49.5,0,0.0,0.0,0,0.0,0.0,0,0.0,0.0,0,0.0,0.0,0,0.0,0.0,0,0.0,0.0,4.0,102.6,198.0,0.01,0.44,22.0,49.5,100.0,14.0,3.0,2019-12-24
734878,6953156273825,CCALL-AJK01    ,BASEUS                        ,24.62,54.5,119,0,1,24.62,54.5,2,49.24,109.0,2,49.24,109.0,0,0.0,0.0,0,0.0,0.0,0,0.0,0.0,0,0.0,0.0,0,0.0,0.0,0,0.0,0.0,5.0,123.1,272.5,0.02,0.56,30.28,0.0,0.0,0.0,0.0,null
734879,6953156276390,WXXHJ-B01      ,BASEUS                        ,77.21,94.5,199,0,5,386.05,472.5,1,77.21,94.5,3,231.63,283.5,0,0.0,0.0,0,0.0,0.0,0,0.0,0.0,0,0.0,0.0,0,0.0,0.0,0,0.0,0.0,9.0,694.89,850.5,0.03,1.0,94.5,0.0,0.0,0.0,0.0,null
734880,6953156276406,WXXHJ-B0S      ,BASEUS                        ,76.08,94.5,199,15,0,0.0,0.0,0,0.0,0.0,4,304.32,378.0,8,608.64,756.0,7,532.56,661.5,12,912.96,1134.0,0,0.0,0.0,0,0.0,0.0,0,0.0,0.0,31.0,2358.48,2929.5,0.11,3.44,325.5,1417.5,136.36,19.0,5.0,2020-01-29
734881,6953156280243,WX2IN1-02      ,BASEUS                        ,41.15,84.5,179,16,19,781.85,1605.5,4,164.6,338.0,14,576.1,1183.0,29,1193.35,2450.5,23,946.45,1943.5,12,493.8,1014.0,17,699.55,1436.5,14,576.1,1183.0,3,123.45,253.5,135.0,5555.25,11407.5,0.49,15.0,1267.5,1352.0,32.65,5.0,1.0,2019-10-18
734882,6953156278844,PPALL-AKU01    ,BASEUS                        ,37.61867257,64.5,139,8,4,150.47,258.0,3,112.86,193.5,10,376.19,645.0,8,300.95,516.0,6,225.71,387.0,5,188.09,322.5,21,789.99,1354.5,7,263.33,451.5,1,37.62,64.5,65.0,2445.21,4192.5,0.24,7.22,465.83,516.0,33.33,5.0,1.0,2019-10-18
734883,6953156278851,PPALL-AKU02    ,BASEUS                        ,31.07,64.5,139,7,1,31.07,64.5,0,0.0,0.0,2,62.14,129.0,3,93.21,193.5,7,217.49,451.5,5,155.35,322.5,4,124.28,258.0,3,93.21,193.5,0,0.0,0.0,25.0,776.75,1612.5,0.09,2.78,179.17,451.5,77.78,11.0,3.0,2019-12-02
734884,6953156273016,PPALL-EX01     ,BASEUS                        ,43.38,69.5,149,0,4,173.52,278.0,3,130.14,208.5,4,173.52,278.0,9,390.42,625.5,0,0.0,0.0,0,0.0,0.0,2,86.76,139.0,0,0.0,0.0,0,0.0,0.0,22.0,954.36,1529.0,0.08,2.44,169.89,0.0,0.0,0.0,0.0,null
734885,6953156273023,PPALL-EX09     ,BASEUS                        ,43.13447761,79.5,169,4,1,43.13,79.5,1,43.13,79.5,5,215.67,397.5,1,43.13,79.5,0,0.0,0.0,1,43.13,79.5,0,0.0,0.0,0,0.0,0.0,0,0.0,0.0,9.0,388.19,715.5,0.03,1.0,79.5,318.0,133.33,19.0,4.0,2020-01-26
734886,6953156273665,PPALL-PX01     ,BASEUS                        ,26.9,59.5,129,0,2,53.8,119.0,0,0.0,0.0,0,0.0,0.0,4,107.6,238.0,1,26.9,59.5,1,26.9,59.5,0,0.0,0.0,0,0.0,0.0,0,0.0,0.0,8.0,215.2,476.0,0.03,0.89,52.89,0.0,0.0,0.0,0.0,null
734887,6953156273672,PPALL-PX02     ,BASEUS                        ,26.9,49.5,99,8,0,0.0,0.0,1,26.9,49.5,7,188.3,346.5,5,134.5,247.5,9,242.1,445.5,5,134.5,247.5,5,134.5,247.5,1,26.9,49.5,0,0.0,0.0,33.0,887.7,1633.5,0.12,3.67,181.5,396.0,66.67,10.0,2.0,2019-11-21
734888,6953156273689,PPALL-PX03     ,BASEUS                        ,26.96,59.5,129,0,0,0.0,0.0,0,0.0,0.0,0,0.0,0.0,0,0.0,0.0,0,0.0,0.0,0,0.0,0.0,0,0.0,0.0,0,0.0,0.0,0,0.0,0.0,0.0,0.0,0.0,0.0,0.0,0.0,0.0,0.0,,,null
734889,6953156271197,PPKC-A01       ,BASEUS                        ,61.89,119.5,249,3,1,61.89,119.5,0,0.0,0.0,0,0.0,0.0,4,247.56,478.0,5,309.45,597.5,5,309.45,597.5,7,433.23,836.5,3,185.67,358.5,1,61.89,119.5,26.0,1609.14,3107.0,0.1,2.89,345.22,358.5,30.0,4.0,1.0,2019-10-15
734890,6953156271203,PPKC-A02       ,BASEUS                        ,63.4,119.5,249,3,0,0.0,0.0,0,0.0,0.0,1,63.4,119.5,1,63.4,119.5,4,253.6,478.0,4,253.6,478.0,3,190.2,358.5,0,0.0,0.0,0,0.0,0.0,13.0,824.2,1553.5,0.05,1.44,172.61,358.5,60.0,9.0,2.0,2019-11-14
734891,6953156271210,PPKC-A09       ,BASEUS                        ,63.4,119.5,249,0,0,0.0,0.0,0,0.0,0.0,2,126.8,239.0,1,63.4,119.5,2,126.8,239.0,1,63.4,119.5,0,0.0,0.0,0,0.0,0.0,0,0.0,0.0,6.0,380.4,717.0,0.02,0.67,79.67,0.0,0.0,0.0,0.0,null
734892,6953156275188,PPALL-QY01     ,BASEUS                        ,50.97,109.5,229,3,0,0.0,0.0,1,50.97,109.5,2,101.94,219.0,0,0.0,0.0,0,0.0,0.0,0,0.0,0.0,0,0.0,0.0,0,0.0,0.0,0,0.0,0.0,3.0,152.91,328.5,0.01,0.33,36.5,328.5,300.0,43.0,10.0,2020-07-11
734893,6953156275195,PPALL-QY02     ,BASEUS                        ,49.81,109.5,229,0,0,0.0,0.0,0,0.0,0.0,5,249.05,547.5,6,298.86,657.0,6,298.86,657.0,4,199.24,438.0,4,199.24,438.0,3,149.43,328.5,0,0.0,0.0,28.0,1394.68,3066.0,0.1,3.11,340.67,0.0,0.0,0.0,0.0,null
734894,6953156275201,PPALL-QY04     ,BASEUS                        ,49.81,109.5,229,1,0,0.0,0.0,0,0.0,0.0,0,0.0,0.0,0,0.0,0.0,0,0.0,0.0,0,0.0,0.0,0,0.0,0.0,0,0.0,0.0,0,0.0,0.0,0.0,0.0,0.0,0.0,0.0,0.0,109.5,0.0,inf,inf,null
734895,6953156276413,CCALL-RH01     ,BASEUS                        ,24.73,44.5,99,3,12,296.76,534.0,8,197.84,356.0,13,321.49,578.5,3,74.19,133.5,3,74.19,133.5,3,74.19,133.5,1,24.73,44.5,0,0.0,0.0,0,0.0,0.0,43.0,1063.39,1913.5,0.16,4.78,212.61,133.5,18.75,3.0,1.0,2019-10-04
734896,6953156278721,CCALL-TM01     ,BASEUS                        ,24.02,39.5,79,0,3,72.06,118.5,2,48.04,79.0,1,24.02,39.5,1,24.02,39.5,0,0.0,0.0,0,0.0,0.0,0,0.0,0.0,0,0.0,0.0,0,0.0,0.0,7.0,168.14,276.5,0.03,0.78,30.72,0.0,0.0,0.0,0.0,null
734897,6953156278738,CCALL-TM0A     ,BASEUS                        ,23.39,49.5,109,0,0,0.0,0.0,0,0.0,0.0,1,23.39,49.5,0,0.0,0.0,0,0.0,0.0,0,0.0,0.0,0,0.0,0.0,0,0.0,0.0,0,0.0,0.0,1.0,23.39,49.5,0.0,0.11,5.5,0.0,0.0,,,null
734898,6953156278745,CCALL-TM12     ,BASEUS                        ,22.86,39.5,79,1,0,0.0,0.0,0,0.0,0.0,3,68.58,118.5,4,91.44,158.0,1,22.86,39.5,0,0.0,0.0,0,0.0,0.0,0,0.0,0.0,0,0.0,0.0,8.0,182.88,316.0,0.03,0.89,35.11,39.5,33.33,5.0,1.0,2019-10-18
734899,6953156273030,ACCHZ-01       ,BASEUS                        ,25.36,49.5,109,4,4,101.44,198.0,3,76.08,148.5,2,50.72,99.0,10,253.6,495.0,5,126.8,247.5,11,278.96,544.5,9,228.24,445.5,7,177.52,346.5,1,25.36,49.5,52.0,1318.72,2574.0,0.19,5.78,286.0,198.0,21.05,3.0,1.0,2019-10-06
734900,6953156278523,ACDKQ-HG01     ,BASEUS                        ,17.55,39.5,79,0,0,0.0,0.0,0,0.0,0.0,0,0.0,0.0,0,0.0,0.0,0,0.0,0.0,0,0.0,0.0,0,0.0,0.0,0,0.0,0.0,0,0.0,0.0,0.0,0.0,0.0,0.0,0.0,0.0,0.0,0.0,,,null
734901,6953156278530,ACDKQ-HG0S     ,BASEUS                        ,17.55,39.5,79,0,0,0.0,0.0,0,0.0,0.0,0,0.0,0.0,0,0.0,0.0,0,0.0,0.0,0,0.0,0.0,0,0.0,0.0,0,0.0,0.0,0,0.0,0.0,0.0,0.0,0.0,0.0,0.0,0.0,0.0,0.0,,,null
734902,6953156267503,ACAPIPH-EA9    ,BASEUS                        ,47.3,74.5,159,1,2,94.6,149.0,0,0.0,0.0,0,0.0,0.0,0,0.0,0.0,1,47.3,74.5,0,0.0,0.0,0,0.0,0.0,0,0.0,0.0,0,0.0,0.0,3.0,141.9,223.5,0.01,0.33,24.83,74.5,100.0,14.0,3.0,2019-12-24
734903,6953156276420,CAHUB-B0G      ,BASEUS                        ,79.89,124.5,259,1,5,399.45,622.5,1,79.89,124.5,3,239.67,373.5,2,159.78,249.0,6,479.34,747.0,0,0.0,0.0,0,0.0,0.0,0,0.0,0.0,0,0.0,0.0,17.0,1358.13,2116.5,0.06,1.89,235.17,124.5,16.67,2.0,1.0,2019-10-02
734904,6953156278622,CAHUB-D0G      ,BASEUS                        ,27.0,59.5,129,0,8,216.0,476.0,7,189.0,416.5,5,135.0,297.5,3,81.0,178.5,0,0.0,0.0,0,0.0,0.0,1,27.0,59.5,0,0.0,0.0,0,0.0,0.0,24.0,648.0,1428.0,0.09,2.67,158.67,0.0,0.0,0.0,0.0,null
734905,6953156278639,CAHUB-E0G      ,BASEUS                        ,55.7,114.5,239,0,0,0.0,0.0,0,0.0,0.0,0,0.0,0.0,0,0.0,0.0,0,0.0,0.0,0,0.0,0.0,0,0.0,0.0,0,0.0,0.0,0,0.0,0.0,0.0,0.0,0.0,0.0,0.0,0.0,0.0,0.0,,,null
734906,6953156265608,SGAPIPHX-TZ01  ,BASEUS                        ,11.77,49.5,109,1,0,0.0,0.0,1,11.77,49.5,14,164.78,693.0,14,164.78,693.0,6,70.62,297.0,15,176.55,742.5,2,23.54,99.0,15,176.55,742.5,1,11.77,49.5,68.0,800.36,3366.0,0.25,7.56,374.0,49.5,4.0,1.0,0.0,2019-09-19
734907,6953156255814,SUGENT-ATR01   ,BASEUS                        ,11.0,24.5,49,0,0,0.0,0.0,0,0.0,0.0,2,22.0,49.0,0,0.0,0.0,0,0.0,0.0,0,0.0,0.0,0,0.0,0.0,0,0.0,0.0,0,0.0,0.0,2.0,22.0,49.0,0.01,0.22,5.44,0.0,0.0,0.0,0.0,null
734909,6953156253025,SUER-A01       ,BASEUS                        ,11.76,24.5,49,-1,3,35.28,73.5,6,70.56,147.0,11,129.36,269.5,8,94.08,196.0,5,58.8,122.5,15,176.4,367.5,4,47.04,98.0,6,70.56,147.0,3,35.28,73.5,61.0,717.36,1494.5,0.22,6.78,166.06,-24.5,-4.55,-1.0,-0.0,2019-09-11
734910,6953156253049,SUER-A0R       ,BASEUS                        ,11.11,24.5,49,1,2,22.22,49.0,1,11.11,24.5,1,11.11,24.5,0,0.0,0.0,0,0.0,0.0,1,11.11,24.5,0,0.0,0.0,0,0.0,0.0,1,11.11,24.5,6.0,66.66,147.0,0.02,0.67,16.33,24.5,50.0,7.0,2.0,2019-11-04
734911,6953156253032,SUER-A0S       ,BASEUS                        ,12.05,24.5,49,4,4,48.2,98.0,5,60.25,122.5,9,108.45,220.5,10,120.5,245.0,4,48.2,98.0,4,48.2,98.0,0,0.0,0.0,2,24.1,49.0,0,0.0,0.0,38.0,457.9,931.0,0.14,4.22,103.44,98.0,28.57,4.0,1.0,2019-10-14
734912,6953156259362,SUER-A09       ,BASEUS                        ,11.11,24.5,49,0,1,11.11,24.5,2,22.22,49.0,0,0.0,0.0,0,0.0,0.0,2,22.22,49.0,1,11.11,24.5,0,0.0,0.0,0,0.0,0.0,0,0.0,0.0,6.0,66.66,147.0,0.02,0.67,16.33,0.0,0.0,0.0,0.0,null
734913,6953156253056,SUER-A0V       ,BASEUS                        ,11.11,19.5,39,1,3,33.33,58.5,0,0.0,0.0,6,66.66,117.0,1,11.11,19.5,0,0.0,0.0,4,44.44,78.0,2,22.22,39.0,1,11.11,19.5,0,0.0,0.0,17.0,188.87,331.5,0.06,1.89,36.83,19.5,16.67,2.0,1.0,2019-10-02
734914,6953156280526,SUCH-01        ,BASEUS                        ,10.26,19.5,39,0,1,10.26,19.5,0,0.0,0.0,2,20.52,39.0,0,0.0,0.0,1,10.26,19.5,0,0.0,0.0,0,0.0,0.0,0,0.0,0.0,0,0.0,0.0,4.0,41.04,78.0,0.01,0.44,8.67,0.0,0.0,0.0,0.0,null
734915,6953156280533,SUCH-02        ,BASEUS                        ,10.2,24.5,49,0,1,10.2,24.5,0,0.0,0.0,0,0.0,0.0,0,0.0,0.0,0,0.0,0.0,0,0.0,0.0,0,0.0,0.0,0,0.0,0.0,0,0.0,0.0,1.0,10.2,24.5,0.0,0.11,2.72,0.0,0.0,,,null
734916,6953156259850,SUHS-DP01      ,BASEUS                        ,13.48,24.5,49,0,5,67.4,122.5,1,13.48,24.5,4,53.92,98.0,1,13.48,24.5,0,0.0,0.0,0,0.0,0.0,0,0.0,0.0,0,0.0,0.0,0,0.0,0.0,11.0,148.28,269.5,0.04,1.22,29.94,0.0,0.0,0.0,0.0,null
734917,6953156259867,SUHS-DP0S      ,BASEUS                        ,13.51,24.5,49,0,3,40.53,73.5,2,27.02,49.0,0,0.0,0.0,0,0.0,0.0,0,0.0,0.0,0,0.0,0.0,0,0.0,0.0,0,0.0,0.0,0,0.0,0.0,5.0,67.55,122.5,0.02,0.56,13.61,0.0,0.0,0.0,0.0,null
734918,6953156276468,SUJX-01        ,BASEUS                        ,22.0,34.5,69,1,3,66.0,103.5,1,22.0,34.5,2,44.0,69.0,0,0.0,0.0,0,0.0,0.0,0,0.0,0.0,0,0.0,0.0,0,0.0,0.0,0,0.0,0.0,6.0,132.0,207.0,0.02,0.67,23.0,34.5,50.0,7.0,2.0,2019-11-04
734920,6953156273085,SUYZD-01       ,BASEUS                        ,13.62,34.5,69,6,11,149.82,379.5,11,149.82,379.5,19,258.78,655.5,26,354.12,897.0,28,381.36,966.0,23,313.26,793.5,30,408.6,1035.0,22,299.64,759.0,5,68.1,172.5,175.0,2383.5,6037.5,0.64,19.44,670.83,207.0,9.38,1.0,0.0,2019-09-24
734921,6953156273092,SUYZD-09       ,BASEUS                        ,13.95,34.5,69,8,8,111.6,276.0,2,27.9,69.0,5,69.75,172.5,8,111.6,276.0,6,83.7,207.0,5,69.75,172.5,9,125.55,310.5,1,13.95,34.5,0,0.0,0.0,44.0,613.8,1518.0,0.16,4.89,168.67,276.0,50.0,7.0,2.0,2019-11-04
734922,6953156273108,SUYZD-0S       ,BASEUS                        ,13.95,34.5,69,21,11,153.45,379.5,4,55.8,138.0,22,306.9,759.0,18,251.1,621.0,9,125.55,310.5,8,111.6,276.0,14,195.3,483.0,11,153.45,379.5,3,41.85,103.5,100.0,1395.0,3450.0,0.37,11.11,383.33,724.5,56.76,8.0,2.0,2019-11-11
734923,6953156260573,SUGX-A01       ,BASEUS                        ,12.05,29.5,59,0,0,0.0,0.0,0,0.0,0.0,0,0.0,0.0,0,0.0,0.0,0,0.0,0.0,0,0.0,0.0,0,0.0,0.0,0,0.0,0.0,0,0.0,0.0,0.0,0.0,0.0,0.0,0.0,0.0,0.0,0.0,,,null
734924,6953156260580,SUGX-A0V       ,BASEUS                        ,11.76,29.5,59,0,0,0.0,0.0,0,0.0,0.0,0,0.0,0.0,0,0.0,0.0,0,0.0,0.0,0,0.0,0.0,0,0.0,0.0,0,0.0,0.0,0,0.0,0.0,0.0,0.0,0.0,0.0,0.0,0.0,0.0,0.0,,,null
734925,6953156260597,SUGX-A09       ,BASEUS                        ,11.65,29.5,59,0,0,0.0,0.0,0,0.0,0.0,0,0.0,0.0,0,0.0,0.0,0,0.0,0.0,0,0.0,0.0,0,0.0,0.0,0,0.0,0.0,0,0.0,0.0,0.0,0.0,0.0,0.0,0.0,0.0,0.0,0.0,,,null
734926,6953156260603,SUGX-A0S       ,BASEUS                        ,11.7,24.5,49,0,0,0.0,0.0,0,0.0,0.0,0,0.0,0.0,0,0.0,0.0,0,0.0,0.0,0,0.0,0.0,0,0.0,0.0,0,0.0,0.0,0,0.0,0.0,0.0,0.0,0.0,0.0,0.0,0.0,0.0,0.0,,,null
734927,6953156253063,SUER-B01       ,BASEUS                        ,11.76,24.5,49,7,12,141.12,294.0,12,141.12,294.0,16,188.16,392.0,21,246.96,514.5,21,246.96,514.5,11,129.36,269.5,6,70.56,147.0,1,11.76,24.5,0,0.0,0.0,100.0,1176.0,2450.0,0.37,11.11,272.22,171.5,18.92,3.0,1.0,2019-10-04
734928,6953156253070,SUER-B0S       ,BASEUS                        ,11.76,24.0,49,13,1,11.76,24.0,2,23.52,48.0,10,117.6,240.0,5,58.8,120.0,6,70.56,144.0,12,141.12,288.0,28,329.28,672.0,8,94.08,192.0,0,0.0,0.0,72.0,846.72,1728.0,0.26,8.0,192.0,312.0,50.0,7.0,2.0,2019-11-04
734929,6953156259379,SUER-B09       ,BASEUS                        ,11.76,24.5,49,0,4,47.04,98.0,2,23.52,49.0,7,82.32,171.5,2,23.52,49.0,0,0.0,0.0,0,0.0,0.0,0,0.0,0.0,0,0.0,0.0,0,0.0,0.0,15.0,176.4,367.5,0.05,1.67,40.83,0.0,0.0,0.0,0.0,null
734930,6953156253094,SUER-B0V       ,BASEUS                        ,12.05,24.5,49,5,5,60.25,122.5,5,60.25,122.5,0,0.0,0.0,9,108.45,220.5,4,48.2,98.0,5,60.25,122.5,6,72.3,147.0,5,60.25,122.5,1,12.05,24.5,40.0,482.0,980.0,0.15,4.44,108.89,122.5,33.33,5.0,1.0,2019-10-18
734931,6953156282001,WIAPIPH58-BE01 ,BASEUS                        ,7.84,24.5,49,0,0,0.0,0.0,0,0.0,0.0,0,0.0,0.0,0,0.0,0.0,0,0.0,0.0,0,0.0,0.0,0,0.0,0.0,0,0.0,0.0,0,0.0,0.0,0.0,0.0,0.0,0.0,0.0,0.0,0.0,0.0,,,null
734933,6953156282018,WIAPIPH58-BE04 ,BASEUS                        ,7.84,24.5,49,0,0,0.0,0.0,0,0.0,0.0,0,0.0,0.0,0,0.0,0.0,0,0.0,0.0,0,0.0,0.0,0,0.0,0.0,0,0.0,0.0,0,0.0,0.0,0.0,0.0,0.0,0.0,0.0,0.0,0.0,0.0,,,null
734934,6953156282025,WIAPIPH58-BE08 ,BASEUS                        ,7.84,24.5,49,0,0,0.0,0.0,0,0.0,0.0,0,0.0,0.0,0,0.0,0.0,0,0.0,0.0,0,0.0,0.0,0,0.0,0.0,0,0.0,0.0,0,0.0,0.0,0.0,0.0,0.0,0.0,0.0,0.0,0.0,0.0,,,null
734935,6953156280977,CALLG-01       ,BASEUS                        ,15.69,29.5,59,0,0,0.0,0.0,0,0.0,0.0,0,0.0,0.0,0,0.0,0.0,0,0.0,0.0,0,0.0,0.0,0,0.0,0.0,0,0.0,0.0,0,0.0,0.0,0.0,0.0,0.0,0.0,0.0,0.0,0.0,0.0,,,null
734936,6953156280984,CALLG-09       ,BASEUS                        ,15.6,29.5,59,0,0,0.0,0.0,0,0.0,0.0,0,0.0,0.0,0,0.0,0.0,0,0.0,0.0,0,0.0,0.0,0,0.0,0.0,0,0.0,0.0,0,0.0,0.0,0.0,0.0,0.0,0.0,0.0,0.0,0.0,0.0,,,null
734937,6953156282315,SUGENT-ZN03    ,BASEUS                        ,34.52,69.5,149,0,0,0.0,0.0,0,0.0,0.0,0,0.0,0.0,0,0.0,0.0,0,0.0,0.0,0,0.0,0.0,0,0.0,0.0,0,0.0,0.0,0,0.0,0.0,0.0,0.0,0.0,0.0,0.0,0.0,0.0,0.0,,,null
734938,6953156282322,SUGENT-ZN0S    ,BASEUS                        ,34.52,69.5,149,0,0,0.0,0.0,0,0.0,0.0,0,0.0,0.0,0,0.0,0.0,0,0.0,0.0,0,0.0,0.0,0,0.0,0.0,0,0.0,0.0,0,0.0,0.0,0.0,0.0,0.0,0.0,0.0,0.0,0.0,0.0,,,null
734939,6953156278790,CCALL-XK01     ,BASEUS                        ,54.33,109.5,229,0,1,54.33,109.5,0,0.0,0.0,0,0.0,0.0,0,0.0,0.0,0,0.0,0.0,0,0.0,0.0,0,0.0,0.0,0,0.0,0.0,0,0.0,0.0,1.0,54.33,109.5,0.0,0.11,12.17,0.0,0.0,,,null
734940,6953156281707,WXXP-02        ,BASEUS                        ,20.91,44.5,99,1,1,20.91,44.5,0,0.0,0.0,0,0.0,0.0,0,0.0,0.0,0,0.0,0.0,0,0.0,0.0,0,0.0,0.0,0,0.0,0.0,0,0.0,0.0,1.0,20.91,44.5,0.0,0.11,4.94,44.5,0.0,inf,inf,null
734941,6953156281691,WXXP-01        ,BASEUS                        ,22.19,44.5,89,3,2,44.38,89.0,1,22.19,44.5,2,44.38,89.0,0,0.0,0.0,0,0.0,0.0,0,0.0,0.0,0,0.0,0.0,0,0.0,0.0,0,0.0,0.0,5.0,110.95,222.5,0.02,0.56,24.72,133.5,150.0,21.0,5.0,2020-02-12
734942,6953156281370,TZARGS-09      ,BASEUS                        ,7.461149425,24.5,49,2,9,67.15,220.5,2,14.92,49.0,3,22.38,73.5,7,52.23,171.5,1,7.46,24.5,1,7.46,24.5,0,0.0,0.0,0,0.0,0.0,0,0.0,0.0,23.0,171.6,563.5,0.08,2.56,62.61,49.0,25.0,4.0,1.0,2019-10-10
734943,6953156281363,TZARGS-01      ,BASEUS                        ,7.61,24.5,49,2,14,106.54,343.0,15,114.15,367.5,11,83.71,269.5,11,83.71,269.5,6,45.66,147.0,1,7.61,24.5,1,7.61,24.5,0,0.0,0.0,0,0.0,0.0,59.0,448.99,1445.5,0.22,6.56,160.61,49.0,9.09,1.0,0.0,2019-09-24
734944,6953156281387,TZARGS-G2      ,BASEUS                        ,7.61,24.5,49,1,11,83.71,269.5,3,22.83,73.5,6,45.66,147.0,3,22.83,73.5,2,15.22,49.0,0,0.0,0.0,1,7.61,24.5,0,0.0,0.0,0,0.0,0.0,26.0,197.86,637.0,0.1,2.89,70.78,24.5,10.0,1.0,0.0,2019-09-25
734945,6953156280250,CCALL-YX01     ,BASEUS                        ,11.14,39.5,79,0,0,0.0,0.0,0,0.0,0.0,0,0.0,0.0,0,0.0,0.0,0,0.0,0.0,0,0.0,0.0,0,0.0,0.0,0,0.0,0.0,0,0.0,0.0,0.0,0.0,0.0,0.0,0.0,0.0,0.0,0.0,,,null
734947,6953156280267,CCALL-YX02     ,BASEUS                        ,11.14,39.5,79,0,0,0.0,0.0,0,0.0,0.0,0,0.0,0.0,0,0.0,0.0,0,0.0,0.0,0,0.0,0.0,0,0.0,0.0,0,0.0,0.0,0,0.0,0.0,0.0,0.0,0.0,0.0,0.0,0.0,0.0,0.0,,,null
734948,6953156276673,ACSR-MS01      ,BASEUS                        ,24.14,49.5,109,0,7,168.98,346.5,2,48.28,99.0,6,144.84,297.0,4,96.56,198.0,3,72.42,148.5,2,48.28,99.0,0,0.0,0.0,0,0.0,0.0,0,0.0,0.0,24.0,579.36,1188.0,0.09,2.67,132.0,0.0,0.0,0.0,0.0,null
734966,6953156282032,WIAPIPH61-BE01 ,BASEUS                        ,7.84,24.5,49,0,0,0.0,0.0,0,0.0,0.0,0,0.0,0.0,0,0.0,0.0,0,0.0,0.0,0,0.0,0.0,0,0.0,0.0,0,0.0,0.0,0,0.0,0.0,0.0,0.0,0.0,0.0,0.0,0.0,0.0,0.0,,,null
734968,6953156282049,WIAPIPH61-BE04 ,BASEUS                        ,7.84,24.5,49,0,0,0.0,0.0,0,0.0,0.0,0,0.0,0.0,0,0.0,0.0,0,0.0,0.0,0,0.0,0.0,0,0.0,0.0,0,0.0,0.0,0,0.0,0.0,0.0,0.0,0.0,0.0,0.0,0.0,0.0,0.0,,,null
734970,6953156282056,WIAPIPH61-BE08 ,BASEUS                        ,7.84,24.5,49,0,0,0.0,0.0,0,0.0,0.0,0,0.0,0.0,0,0.0,0.0,0,0.0,0.0,0,0.0,0.0,0,0.0,0.0,0,0.0,0.0,0,0.0,0.0,0.0,0.0,0.0,0.0,0.0,0.0,0.0,0.0,,,null
734971,6953156282063,WIAPIPH65-BE01 ,BASEUS                        ,7.62,24.5,49,0,0,0.0,0.0,0,0.0,0.0,0,0.0,0.0,0,0.0,0.0,0,0.0,0.0,0,0.0,0.0,0,0.0,0.0,0,0.0,0.0,0,0.0,0.0,0.0,0.0,0.0,0.0,0.0,0.0,0.0,0.0,,,null
734973,6953156282070,WIAPIPH65-BE04 ,BASEUS                        ,7.62,24.5,49,0,0,0.0,0.0,0,0.0,0.0,0,0.0,0.0,0,0.0,0.0,0,0.0,0.0,0,0.0,0.0,0,0.0,0.0,0,0.0,0.0,0,0.0,0.0,0.0,0.0,0.0,0.0,0.0,0.0,0.0,0.0,,,null
734975,6953156282087,WIAPIPH65-BE08 ,BASEUS                        ,7.71,24.5,49,0,0,0.0,0.0,0,0.0,0.0,0,0.0,0.0,0,0.0,0.0,0,0.0,0.0,0,0.0,0.0,0,0.0,0.0,0,0.0,0.0,0,0.0,0.0,0.0,0.0,0.0,0.0,0.0,0.0,0.0,0.0,,,null
734976,6953156281738,CALEYE-01      ,BASEUS                        ,14.32,39.5,79,0,0,0.0,0.0,0,0.0,0.0,0,0.0,0.0,0,0.0,0.0,0,0.0,0.0,0,0.0,0.0,0,0.0,0.0,0,0.0,0.0,0,0.0,0.0,0.0,0.0,0.0,0.0,0.0,0.0,0.0,0.0,,,null
734981,6953156281745,CALEYE-02      ,BASEUS                        ,14.32,39.5,79,0,0,0.0,0.0,0,0.0,0.0,0,0.0,0.0,0,0.0,0.0,0,0.0,0.0,0,0.0,0.0,0,0.0,0.0,0,0.0,0.0,0,0.0,0.0,0.0,0.0,0.0,0.0,0.0,0.0,0.0,0.0,,,null
735669,6953156253087,SUER-B0R       ,BASEUS                        ,11.76,24.5,49,0,0,0.0,0.0,3,35.28,73.5,2,23.52,49.0,2,23.52,49.0,0,0.0,0.0,2,23.52,49.0,0,0.0,0.0,0,0.0,0.0,0,0.0,0.0,9.0,105.84,220.5,0.03,1.0,24.5,0.0,0.0,0.0,0.0,null
735670,6953156277526,SGAPIPHX-RA01  ,BASEUS                        ,7.44,19.5,39,1,4,29.76,78.0,12,89.28,234.0,26,193.44,507.0,16,119.04,312.0,3,22.32,58.5,2,14.88,39.0,1,7.44,19.5,1,7.44,19.5,0,0.0,0.0,65.0,483.6,1267.5,0.24,7.22,140.83,19.5,4.17,1.0,0.0,2019-09-19
738068,6953156275522,WXHSG-02       ,BASEUS                        ,28.72,59.5,129,0,0,0.0,0.0,1,28.72,59.5,0,0.0,0.0,0,0.0,0.0,0,0.0,0.0,0,0.0,0.0,0,0.0,0.0,0,0.0,0.0,0,0.0,0.0,1.0,28.72,59.5,0.0,0.11,6.61,0.0,0.0,,,null
738069,6953156275515,WXHSG-01       ,BASEUS                        ,28.72,59.5,129,0,0,0.0,0.0,0,0.0,0.0,0,0.0,0.0,0,0.0,0.0,0,0.0,0.0,0,0.0,0.0,0,0.0,0.0,0,0.0,0.0,0,0.0,0.0,0.0,0.0,0.0,0.0,0.0,0.0,0.0,0.0,,,null
738071,6953156280816,SUXUN-BY0G     ,BASEUS                        ,12.62,24.5,49,0,2,25.24,49.0,0,0.0,0.0,0,0.0,0.0,0,0.0,0.0,0,0.0,0.0,0,0.0,0.0,0,0.0,0.0,0,0.0,0.0,0,0.0,0.0,2.0,25.24,49.0,0.01,0.22,5.44,0.0,0.0,0.0,0.0,null
738072,6953156280809,SUXUN-BY09     ,BASEUS                        ,12.62,24.5,49,0,2,25.24,49.0,0,0.0,0.0,0,0.0,0.0,0,0.0,0.0,1,12.62,24.5,0,0.0,0.0,0,0.0,0.0,0,0.0,0.0,0,0.0,0.0,3.0,37.86,73.5,0.01,0.33,8.17,0.0,0.0,0.0,0.0,null
738073,6953156280793,SUXUN-BY01     ,BASEUS                        ,12.63,19.5,39,0,1,12.63,19.5,0,0.0,0.0,2,25.26,39.0,1,12.63,19.5,0,0.0,0.0,0,0.0,0.0,0,0.0,0.0,0,0.0,0.0,0,0.0,0.0,4.0,50.52,78.0,0.01,0.44,8.67,0.0,0.0,0.0,0.0,null
738074,6953156270961,CATSX-F0G      ,BASEUS                        ,161.91,344.5,719,0,1,161.91,344.5,1,161.91,344.5,1,161.91,344.5,0,0.0,0.0,0,0.0,0.0,0,0.0,0.0,0,0.0,0.0,0,0.0,0.0,0,0.0,0.0,3.0,485.73,1033.5,0.01,0.33,114.83,0.0,0.0,0.0,0.0,null
738075,6953156261631,CATCY-B0G      ,BASEUS                        ,65.0,129.5,269,1,1,65.0,129.5,0,0.0,0.0,0,0.0,0.0,0,0.0,0.0,0,0.0,0.0,0,0.0,0.0,0,0.0,0.0,0,0.0,0.0,0,0.0,0.0,1.0,65.0,129.5,0.0,0.11,14.39,129.5,0.0,inf,inf,null
738076,6953156258396,CATSX-D0G      ,BASEUS                        ,61.0,124.5,259,0,0,0.0,0.0,0,0.0,0.0,0,0.0,0.0,0,0.0,0.0,0,0.0,0.0,0,0.0,0.0,0,0.0,0.0,0,0.0,0.0,0,0.0,0.0,0.0,0.0,0.0,0.0,0.0,0.0,0.0,0.0,,,null
738077,6953156270954,CATSY-0G       ,BASEUS                        ,40.99,89.5,189,1,3,122.97,268.5,2,81.98,179.0,4,163.96,358.0,0,0.0,0.0,1,40.99,89.5,0,0.0,0.0,0,0.0,0.0,0,0.0,0.0,0,0.0,0.0,10.0,409.9,895.0,0.04,1.11,99.44,89.5,25.0,4.0,1.0,2019-10-10
738078,6953156284647,ACSLCJ-06      ,BASEUS                        ,9.51,24.5,49,14,89,846.39,2180.5,35,332.85,857.5,30,285.3,735.0,29,275.79,710.5,31,294.81,759.5,38,361.38,931.0,25,237.75,612.5,18,171.18,441.0,1,9.51,24.5,296.0,2814.96,7252.0,1.08,32.89,805.78,343.0,12.96,2.0,0.0,2019-09-28
738079,6953156282926,ACSR-XJ09      ,BASEUS                        ,23.46,49.5,99,0,4,93.84,198.0,1,23.46,49.5,4,93.84,198.0,1,23.46,49.5,0,0.0,0.0,0,0.0,0.0,0,0.0,0.0,0,0.0,0.0,0,0.0,0.0,10.0,234.6,495.0,0.04,1.11,55.0,0.0,0.0,0.0,0.0,null
738080,6953156282933,ACSR-XJ0A      ,BASEUS                        ,23.46,39.5,79,0,4,93.84,158.0,2,46.92,79.0,1,23.46,39.5,0,0.0,0.0,0,0.0,0.0,0,0.0,0.0,0,0.0,0.0,0,0.0,0.0,0,0.0,0.0,7.0,164.22,276.5,0.03,0.78,30.72,0.0,0.0,0.0,0.0,null
738081,6953156280274,ACXUN-02       ,BASEUS                        ,36.14,64.5,139,5,4,144.56,258.0,4,144.56,258.0,4,144.56,258.0,4,144.56,258.0,3,108.42,193.5,4,144.56,258.0,5,180.7,322.5,0,0.0,0.0,0,0.0,0.0,28.0,1011.92,1806.0,0.1,3.11,200.67,322.5,50.0,7.0,2.0,2019-11-04
739727,6953156282940,WIAPPOD-01     ,BASEUS                        ,17.33,44.5,99,13,29,502.57,1290.5,15,259.95,667.5,16,277.28,712.0,18,311.94,801.0,15,259.95,667.5,9,155.97,400.5,1,17.33,44.5,6,103.98,267.0,1,17.33,44.5,110.0,1906.3,4895.0,0.4,12.22,543.89,578.5,32.5,5.0,1.0,2019-10-18
739728,6953156282957,WIAPPOD-09     ,BASEUS                        ,17.33,44.5,99,7,12,207.96,534.0,10,173.3,445.0,8,138.64,356.0,12,207.96,534.0,5,86.65,222.5,1,17.33,44.5,4,69.32,178.0,0,0.0,0.0,0,0.0,0.0,52.0,901.16,2314.0,0.19,5.78,257.11,311.5,36.84,5.0,1.0,2019-10-22
742244,6953156284234,CAHUB-F01      ,BASEUS                        ,12.71,29.5,59,2,1,12.71,29.5,3,38.13,88.5,1,12.71,29.5,2,25.42,59.0,0,0.0,0.0,1,12.71,29.5,0,0.0,0.0,0,0.0,0.0,0,0.0,0.0,8.0,101.68,236.0,0.03,0.89,26.22,59.0,66.67,10.0,2.0,2019-11-21
742245,6953156284241,CAHUB-F02      ,BASEUS                        ,12.31,29.5,59,0,0,0.0,0.0,0,0.0,0.0,0,0.0,0.0,0,0.0,0.0,0,0.0,0.0,0,0.0,0.0,0,0.0,0.0,0,0.0,0.0,0,0.0,0.0,0.0,0.0,0.0,0.0,0.0,0.0,0.0,0.0,,,null
742247,6953156284258,CAHUB-G01      ,BASEUS                        ,12.71,29.5,59,0,0,0.0,0.0,1,12.71,29.5,4,50.84,118.0,3,38.13,88.5,2,25.42,59.0,2,25.42,59.0,0,0.0,0.0,1,12.71,29.5,0,0.0,0.0,13.0,165.23,383.5,0.05,1.44,42.61,0.0,0.0,0.0,0.0,null
742248,6953156284630,ACSLCJ-01      ,BASEUS                        ,9.313366215,24.5,49,25,55,512.24,1347.5,26,242.15,637.0,36,335.28,882.0,39,363.22,955.5,44,409.79,1078.0,52,484.3,1274.0,51,474.98,1249.5,32,298.03,784.0,1,9.31,24.5,336.0,3129.3,8232.0,1.23,37.33,914.67,612.5,20.33,3.0,1.0,2019-10-05
742249,6953156286603,SUCJLF-01      ,BASEUS                        ,21.04,44.5,99,20,27,568.08,1201.5,10,210.4,445.0,7,147.28,311.5,23,483.92,1023.5,10,210.4,445.0,15,315.6,667.5,21,441.84,934.5,9,189.36,400.5,2,42.08,89.0,124.0,2608.96,5518.0,0.45,13.78,613.11,890.0,44.44,6.0,1.0,2019-10-30
742292,6953156279650,SGAPIPD-CX02   ,BASEUS                        ,14.43490654,39.5,79,0,7,101.04,276.5,2,28.87,79.0,4,57.74,158.0,-1,-14.43,-39.5,0,0.0,0.0,0,0.0,0.0,-1,-14.43,-39.5,0,0.0,0.0,0,0.0,0.0,11.0,158.79,434.5,0.04,1.22,48.28,0.0,0.0,0.0,0.0,null
742293,6953156279667,SGAPIPD-DX02   ,BASEUS                        ,16.32,44.5,89,2,2,32.64,89.0,0,0.0,0.0,1,16.32,44.5,0,0.0,0.0,0,0.0,0.0,0,0.0,0.0,0,0.0,0.0,0,0.0,0.0,0,0.0,0.0,3.0,48.96,133.5,0.01,0.33,14.83,89.0,200.0,29.0,7.0,2020-04-02
742294,6953156282100,LTAPIPD-ASM03  ,BASEUS                        ,38.14,74.5,159,2,2,76.28,149.0,1,38.14,74.5,0,0.0,0.0,0,0.0,0.0,0,0.0,0.0,0,0.0,0.0,0,0.0,0.0,0,0.0,0.0,0,0.0,0.0,3.0,114.42,223.5,0.01,0.33,24.83,149.0,200.0,29.0,7.0,2020-04-02
742295,6953156279155,SUGENT-XF0S    ,BASEUS                        ,17.78,39.5,79,5,11,195.58,434.5,7,124.46,276.5,2,35.56,79.0,9,160.02,355.5,16,284.48,632.0,7,124.46,276.5,3,53.34,118.5,11,195.58,434.5,1,17.78,39.5,67.0,1191.26,2646.5,0.25,7.44,294.06,197.5,20.0,3.0,1.0,2019-10-05
742296,6953156279148,SUGENT-XF01    ,BASEUS                        ,17.77073171,39.5,79,1,10,177.71,395.0,8,142.17,316.0,9,159.94,355.5,10,177.71,395.0,18,319.87,711.0,6,106.62,237.0,19,337.64,750.5,11,195.48,434.5,0,0.0,0.0,91.0,1617.14,3594.5,0.33,10.11,399.39,39.5,3.03,0.0,0.0,2019-09-18
742297,6953156272668,ACAPIPHX-ABJ01 ,BASEUS                        ,63.54,119.5,249,0,3,190.62,358.5,1,63.54,119.5,1,63.54,119.5,2,127.08,239.0,0,0.0,0.0,0,0.0,0.0,0,0.0,0.0,0,0.0,0.0,0,0.0,0.0,7.0,444.78,836.5,0.03,0.78,92.94,0.0,0.0,0.0,0.0,null
742298,6953156270640,ACAPIPHX-BJ01  ,BASEUS                        ,46.7760274,89.5,189,0,5,233.88,447.5,2,93.55,179.0,0,0.0,0.0,0,0.0,0.0,0,0.0,0.0,0,0.0,0.0,0,0.0,0.0,0,0.0,0.0,0,0.0,0.0,7.0,327.43,626.5,0.03,0.78,69.61,0.0,0.0,0.0,0.0,null
742300,6953156284401,ACPCL-01       ,BASEUS                        ,14.474971100000001,29.5,59,12,12,173.7,354.0,9,130.27,265.5,18,260.55,531.0,18,260.55,531.0,15,217.12,442.5,7,101.32,206.5,8,115.8,236.0,16,231.6,472.0,2,28.95,59.0,105.0,1519.86,3097.5,0.38,11.67,344.17,354.0,31.58,5.0,1.0,2019-10-17
742301,6958444961736,4KCD6901       ,USAMS                         ,45.0,94.5,199,0,34,1530.0,3213.0,9,405.0,850.5,0,0.0,0.0,0,0.0,0.0,0,0.0,0.0,0,0.0,0.0,0,0.0,0.0,0,0.0,0.0,0,0.0,0.0,43.0,1935.0,4063.5,0.16,4.78,451.5,0.0,0.0,0.0,0.0,null
743939,6953156282247,NGH08-01       ,BASEUS                        ,76.0,140.0,289,8,23,1748.0,3220.0,5,380.0,700.0,9,684.0,1260.0,9,684.0,1260.0,6,456.0,840.0,6,456.0,840.0,3,228.0,420.0,3,228.0,420.0,0,0.0,0.0,64.0,4864.0,8960.0,0.23,7.11,995.56,1120.0,34.78,5.0,1.0,2019-10-20
743940,6953156282254,NGH08-2G       ,BASEUS                        ,76.0,140.0,289,1,14,1064.0,1960.0,9,684.0,1260.0,5,380.0,700.0,2,152.0,280.0,3,228.0,420.0,0,0.0,0.0,0,0.0,0.0,1,76.0,140.0,1,76.0,140.0,35.0,2660.0,4900.0,0.13,3.89,544.44,140.0,7.69,1.0,0.0,2019-09-23
743943,6953156271357,NGS07-01       ,BASEUS                        ,27.24,49.5,99,5,0,0.0,0.0,1,27.24,49.5,0,0.0,0.0,0,0.0,0.0,0,0.0,0.0,0,0.0,0.0,0,0.0,0.0,0,0.0,0.0,0,0.0,0.0,1.0,27.24,49.5,0.0,0.11,5.5,247.5,0.0,inf,inf,null
743945,6953156271371,NGS07-19       ,BASEUS                        ,26.99,49.5,99,0,0,0.0,0.0,0,0.0,0.0,0,0.0,0.0,0,0.0,0.0,0,0.0,0.0,0,0.0,0.0,0,0.0,0.0,0,0.0,0.0,0,0.0,0.0,0.0,0.0,0.0,0.0,0.0,0.0,0.0,0.0,,,null
743947,6953156271364,NGS07-S9       ,BASEUS                        ,27.24,49.5,99,0,0,0.0,0.0,0,0.0,0.0,0,0.0,0.0,0,0.0,0.0,0,0.0,0.0,0,0.0,0.0,0,0.0,0.0,0,0.0,0.0,0,0.0,0.0,0.0,0.0,0.0,0.0,0.0,0.0,0.0,0.0,,,null
743953,6953156284814,WIAPIPH58-ASL01,BASEUS                        ,11.7,34.5,69,2,16,187.2,552.0,18,210.6,621.0,24,280.8,828.0,26,304.2,897.0,17,198.9,586.5,4,46.8,138.0,1,11.7,34.5,2,23.4,69.0,0,0.0,0.0,108.0,1263.6,3726.0,0.4,12.0,414.0,69.0,5.0,1.0,0.0,2019-09-20
743955,6953156284821,WIAPIPH58-ASL03,BASEUS                        ,12.38,34.5,69,1,15,185.7,517.5,7,86.66,241.5,10,123.8,345.0,12,148.56,414.0,8,99.04,276.0,5,61.9,172.5,7,86.66,241.5,2,24.76,69.0,2,24.76,69.0,68.0,841.84,2346.0,0.25,7.56,260.67,34.5,4.0,1.0,0.0,2019-09-19
743956,6953156284838,WIAPIPH58-ASL04,BASEUS                        ,12.68,34.5,69,0,16,202.88,552.0,5,63.4,172.5,16,202.88,552.0,12,152.16,414.0,13,164.84,448.5,2,25.36,69.0,1,12.68,34.5,2,25.36,69.0,0,0.0,0.0,67.0,849.56,2311.5,0.25,7.44,256.83,0.0,0.0,0.0,0.0,null
743958,6953156284845,WIAPIPH58-ASL09,BASEUS                        ,12.38,34.5,69,2,10,123.8,345.0,5,61.9,172.5,9,111.42,310.5,5,61.9,172.5,3,37.14,103.5,3,37.14,103.5,7,86.66,241.5,0,0.0,0.0,0,0.0,0.0,42.0,519.96,1449.0,0.15,4.67,161.0,69.0,13.33,2.0,0.0,2019-09-28
743960,6953156284890,WIAPIPH65-ASL01,BASEUS                        ,11.99,34.5,69,2,11,131.89,379.5,12,143.88,414.0,11,131.89,379.5,8,95.92,276.0,9,107.91,310.5,8,95.92,276.0,2,23.98,69.0,3,35.97,103.5,1,11.99,34.5,65.0,779.35,2242.5,0.24,7.22,249.17,69.0,8.33,1.0,0.0,2019-09-23
743961,6953156284906,WIAPIPH65-ASL03,BASEUS                        ,11.99,34.5,69,1,3,35.97,103.5,5,59.95,172.5,2,23.98,69.0,3,35.97,103.5,1,11.99,34.5,0,0.0,0.0,1,11.99,34.5,0,0.0,0.0,0,0.0,0.0,15.0,179.85,517.5,0.05,1.67,57.5,34.5,20.0,3.0,1.0,2019-10-05
743963,6953156284913,WIAPIPH65-ASL04,BASEUS                        ,11.99,34.5,69,0,5,59.95,172.5,4,47.96,138.0,4,47.96,138.0,4,47.96,138.0,3,35.97,103.5,0,0.0,0.0,0,0.0,0.0,0,0.0,0.0,0,0.0,0.0,20.0,239.8,690.0,0.07,2.22,76.67,0.0,0.0,0.0,0.0,null
743965,6953156284920,WIAPIPH65-ASL09,BASEUS                        ,11.99,34.5,69,0,2,23.98,69.0,3,35.97,103.5,6,71.94,207.0,0,0.0,0.0,0,0.0,0.0,0,0.0,0.0,0,0.0,0.0,0,0.0,0.0,0,0.0,0.0,11.0,131.89,379.5,0.04,1.22,42.17,0.0,0.0,0.0,0.0,null
743966,6953156285798,CATKC-A01      ,BASEUS                        ,7.27,29.5,59,3,1,7.27,29.5,3,21.81,88.5,11,79.97,324.5,3,21.81,88.5,11,79.97,324.5,7,50.89,206.5,8,58.16,236.0,9,65.43,265.5,3,21.81,88.5,56.0,407.12,1652.0,0.21,6.22,183.56,88.5,14.29,2.0,0.0,2019-09-29
743968,6953156279025,SUCJG9-02      ,BASEUS                        ,5.26,24.5,49,21,36,189.36,882.0,12,63.12,294.0,14,73.64,343.0,16,84.16,392.0,23,120.98,563.5,31,163.06,759.5,21,110.46,514.5,5,26.3,122.5,2,10.52,49.0,160.0,841.6,3920.0,0.59,17.78,435.56,514.5,35.59,5.0,1.0,2019-10-21
743975,6953156279018,SUCJG9-01      ,BASEUS                        ,5.26,24.5,49,3,38,199.88,931.0,20,105.2,490.0,12,63.12,294.0,10,52.6,245.0,7,36.82,171.5,3,15.78,73.5,4,21.04,98.0,4,21.04,98.0,0,0.0,0.0,98.0,515.48,2401.0,0.36,10.89,266.78,73.5,8.33,1.0,0.0,2019-09-23
744168,6953156285804,CATKC-A09      ,BASEUS                        ,7.27,29.5,59,8,10,72.7,295.0,3,21.81,88.5,5,36.35,147.5,1,7.27,29.5,4,29.08,118.0,7,50.89,206.5,3,21.81,88.5,2,14.54,59.0,0,0.0,0.0,35.0,254.45,1032.5,0.13,3.89,114.72,236.0,61.54,9.0,2.0,2019-11-16
746546,6953156279643,SGAPIPD-BX02   ,BASEUS                        ,21.8,44.5,99,0,2,43.6,89.0,1,21.8,44.5,4,87.2,178.0,4,87.2,178.0,2,43.6,89.0,5,109.0,222.5,4,87.2,178.0,1,21.8,44.5,0,0.0,0.0,23.0,501.4,1023.5,0.08,2.56,113.72,0.0,0.0,0.0,0.0,null
746547,6953156282094,LTAPIPD-ASM01  ,BASEUS                        ,38.39247525,74.5,159,0,4,153.57,298.0,2,76.78,149.0,0,0.0,0.0,2,76.78,149.0,0,0.0,0.0,0,0.0,0.0,0,0.0,0.0,0,0.0,0.0,0,0.0,0.0,8.0,307.13,596.0,0.03,0.89,66.22,0.0,0.0,0.0,0.0,null
746548,6953156282117,LTAPIPD-BSM01  ,BASEUS                        ,44.2,89.5,189,0,3,132.6,268.5,2,88.4,179.0,0,0.0,0.0,0,0.0,0.0,0,0.0,0.0,0,0.0,0.0,0,0.0,0.0,0,0.0,0.0,0,0.0,0.0,5.0,221.0,447.5,0.02,0.56,49.72,0.0,0.0,0.0,0.0,null
746549,6953156282124,LTAPIPD-BSM03  ,BASEUS                        ,44.33706294,89.5,189,0,7,310.36,626.5,0,0.0,0.0,1,44.34,89.5,0,0.0,0.0,1,44.34,89.5,0,0.0,0.0,0,0.0,0.0,0,0.0,0.0,0,0.0,0.0,9.0,399.04,805.5,0.03,1.0,89.5,0.0,0.0,0.0,0.0,null
746699,744790317374,BHL-712        ,BRAVE                         ,12.99,34.5,69,16,6,77.94,207.0,13,168.87,448.5,16,207.84,552.0,21,272.79,724.5,5,64.95,172.5,10,129.9,345.0,30,389.7,1035.0,18,233.82,621.0,7,90.93,241.5,126.0,1636.74,4347.0,0.46,14.0,483.0,552.0,34.78,5.0,1.0,2019-10-20
746700,744790317381,BHL-713        ,BRAVE                         ,12.81,29.5,59,16,12,153.72,354.0,18,230.58,531.0,14,179.34,413.0,44,563.64,1298.0,30,384.3,885.0,47,602.07,1386.5,40,512.4,1180.0,42,538.02,1239.0,9,115.29,265.5,256.0,3279.36,7552.0,0.94,28.44,839.11,472.0,17.02,2.0,1.0,2019-10-02
748116,7447902860838,BBP-901        ,BRAVE                         ,197.68,292.0,469,0,1,197.68,292.0,3,593.04,876.0,0,0.0,0.0,2,395.36,584.0,0,0.0,0.0,0,0.0,0.0,0,0.0,0.0,0,0.0,0.0,0,0.0,0.0,6.0,1186.08,1752.0,0.02,0.67,194.67,0.0,0.0,0.0,0.0,null
748118,7447902860692,BBP-902        ,BRAVE                         ,197.68,292.0,469,0,1,197.68,292.0,5,988.4,1460.0,0,0.0,0.0,2,395.36,584.0,0,0.0,0.0,0,0.0,0.0,0,0.0,0.0,0,0.0,0.0,0,0.0,0.0,8.0,1581.44,2336.0,0.03,0.89,259.56,0.0,0.0,0.0,0.0,null
748119,7447902860524,BBP-903        ,BRAVE                         ,197.68,292.0,469,-1,0,0.0,0.0,0,0.0,0.0,1,197.68,292.0,2,395.36,584.0,0,0.0,0.0,0,0.0,0.0,0,0.0,0.0,0,0.0,0.0,0,0.0,0.0,3.0,593.04,876.0,0.01,0.33,97.33,-292.0,-100.0,-14.0,-3.0,2019-06-07
748120,7447902860456,BBP-904        ,BRAVE                         ,197.68,292.0,469,0,1,197.68,292.0,2,395.36,584.0,1,197.68,292.0,3,593.04,876.0,0,0.0,0.0,0,0.0,0.0,0,0.0,0.0,0,0.0,0.0,0,0.0,0.0,7.0,1383.76,2044.0,0.03,0.78,227.11,0.0,0.0,0.0,0.0,null
748121,7447902860388,BBP-905        ,BRAVE                         ,197.68,292.0,469,0,0,0.0,0.0,1,197.68,292.0,0,0.0,0.0,1,197.68,292.0,0,0.0,0.0,0,0.0,0.0,0,0.0,0.0,0,0.0,0.0,0,0.0,0.0,2.0,395.36,584.0,0.01,0.22,64.89,0.0,0.0,0.0,0.0,null
748127,4716076167467,PH18502-BK     ,BONE COLLECTION               ,28.95,44.5,89,13,11,318.45,489.5,2,57.9,89.0,6,173.7,267.0,0,0.0,0.0,1,28.95,44.5,2,57.9,89.0,4,115.8,178.0,3,86.85,133.5,1,28.95,44.5,30.0,868.5,1335.0,0.11,3.33,148.33,578.5,118.18,17.0,4.0,2020-01-11
748128,4716076167443,PH18501-BK     ,BONE COLLECTION               ,28.95,69.5,149,2,7,202.65,486.5,6,173.7,417.0,1,28.95,69.5,0,0.0,0.0,1,28.95,69.5,1,28.95,69.5,0,0.0,0.0,0,0.0,0.0,0,0.0,0.0,16.0,463.2,1112.0,0.06,1.78,123.56,139.0,33.33,5.0,1.0,2019-10-18
748129,4716076167313,DR18041-32BK   ,BONE COLLECTION               ,38.22,51.35,79,46,3,114.66,154.05,2,76.44,102.7,2,76.44,102.7,1,38.22,51.35,0,0.0,0.0,4,152.88,205.4,2,76.44,102.7,9,343.98,462.15,1,38.22,51.35,24.0,917.28,1232.4,0.09,2.67,136.93,2362.1,511.11,73.0,17.0,2021-02-07
748131,4716076167337,DR18043-32BR   ,BONE COLLECTION               ,38.22,51.35,79,51,1,38.22,51.35,1,38.22,51.35,0,0.0,0.0,0,0.0,0.0,0,0.0,0.0,5,191.1,256.75,2,76.44,102.7,4,152.88,205.4,0,0.0,0.0,13.0,496.86,667.55,0.05,1.44,74.17,2618.85,1020.0,146.0,34.0,2022-07-01
748133,4716076161304,AP14021-BK     ,BONE COLLECTION               ,25.09,59.5,129,2,1,25.09,59.5,7,175.63,416.5,0,0.0,0.0,2,50.18,119.0,0,0.0,0.0,0,0.0,0.0,0,0.0,0.0,0,0.0,0.0,0,0.0,0.0,10.0,250.9,595.0,0.04,1.11,66.11,119.0,50.0,7.0,2.0,2019-11-04
751056,6953156288492,ACPBCJ-01      ,BASEUS                        ,9.51,34.5,69,11,0,0.0,0.0,12,114.12,414.0,24,228.24,828.0,9,85.59,310.5,20,190.2,690.0,21,199.71,724.5,6,57.06,207.0,7,66.57,241.5,1,9.51,34.5,100.0,951.0,3450.0,0.37,11.11,383.33,379.5,29.73,4.0,1.0,2019-10-15
751059,6953156288508,ACPBCJ-02      ,BASEUS                        ,9.51,34.5,69,7,0,0.0,0.0,10,95.1,345.0,25,237.75,862.5,22,209.22,759.0,19,180.69,655.5,13,123.63,448.5,11,104.61,379.5,12,114.12,414.0,2,19.02,69.0,114.0,1084.14,3933.0,0.42,12.67,437.0,241.5,16.67,2.0,1.0,2019-10-02
751060,6953156287884,SGAPWA4-A01    ,BASEUS                        ,13.19,29.5,59,6,0,0.0,0.0,21,276.99,619.5,40,527.6,1180.0,30,395.7,885.0,16,211.04,472.0,6,79.14,177.0,2,26.38,59.0,3,39.57,88.5,0,0.0,0.0,118.0,1556.42,3481.0,0.43,13.11,386.78,177.0,13.95,2.0,0.0,2019-09-29
751063,6953156287891,SGAPWA4-B01    ,BASEUS                        ,13.95,29.5,59,4,0,0.0,0.0,37,516.15,1091.5,52,725.4,1534.0,11,153.45,324.5,6,83.7,177.0,0,0.0,0.0,0,0.0,0.0,0,0.0,0.0,1,13.95,29.5,107.0,1492.65,3156.5,0.39,11.89,350.72,118.0,10.26,1.0,0.0,2019-09-25
758117,7447902861996,BAC-105        ,BRAVE                         ,23.0,44.5,93,21,0,0.0,0.0,0,0.0,0.0,0,0.0,0.0,2,46.0,89.0,14,322.0,623.0,25,575.0,1112.5,15,345.0,667.5,10,230.0,445.0,4,92.0,178.0,70.0,1610.0,3115.0,0.26,7.78,346.11,934.5,80.77,12.0,3.0,2019-12-05
758119,744790286205,BTC-320BK      ,BRAVE                         ,22.0,44.5,93,11,0,0.0,0.0,0,0.0,0.0,0,0.0,0.0,0,0.0,0.0,12,264.0,534.0,20,440.0,890.0,20,440.0,890.0,10,220.0,445.0,3,66.0,133.5,65.0,1430.0,2892.5,0.24,7.22,321.39,489.5,45.83,7.0,2.0,2019-10-31
758121,6953156288126,SUWNT-01       ,BASEUS                        ,7.61,29.5,62,7,0,0.0,0.0,0,0.0,0.0,0,0.0,0.0,0,0.0,0.0,2,15.22,59.0,1,7.61,29.5,1,7.61,29.5,4,30.44,118.0,1,7.61,29.5,9.0,68.49,265.5,0.03,1.0,29.5,206.5,233.33,33.0,8.0,2020-05-05
758124,6953156288133,SUWNT-02       ,BASEUS                        ,7.61,29.5,62,9,0,0.0,0.0,0,0.0,0.0,0,0.0,0.0,1,7.61,29.5,12,91.32,354.0,14,106.54,413.0,6,45.66,177.0,0,0.0,0.0,0,0.0,0.0,33.0,251.13,973.5,0.12,3.67,108.17,265.5,75.0,11.0,2.0,2019-11-29
758125,6953156271791,WXYL-A01       ,BASEUS                        ,37.13,74.5,156,14,0,0.0,0.0,0,0.0,0.0,0,0.0,0.0,8,297.04,596.0,16,594.08,1192.0,9,334.17,670.5,12,445.56,894.0,0,0.0,0.0,1,37.13,74.5,46.0,1707.98,3427.0,0.17,5.11,380.78,1043.0,82.35,12.0,3.0,2019-12-06
758126,6953156278585,CATL45-01      ,BASEUS                        ,9.66,29.5,62,9,0,0.0,0.0,0,0.0,0.0,0,0.0,0.0,2,19.32,59.0,13,125.58,383.5,8,77.28,236.0,8,77.28,236.0,6,57.96,177.0,1,9.66,29.5,38.0,367.08,1121.0,0.14,4.22,124.56,265.5,64.29,9.0,2.0,2019-11-18
758127,6953156282278,CATL41-01      ,BASEUS                        ,9.9,29.5,62,0,0,0.0,0.0,0,0.0,0.0,0,0.0,0.0,0,0.0,0.0,0,0.0,0.0,0,0.0,0.0,0,0.0,0.0,0,0.0,0.0,0,0.0,0.0,0.0,0.0,0.0,0.0,0.0,0.0,0.0,0.0,,,null
758128,6953156285101,WXZN-B01       ,BASEUS                        ,52.61,99.5,209,17,0,0.0,0.0,0,0.0,0.0,0,0.0,0.0,1,52.61,99.5,10,526.1,995.0,11,578.71,1094.5,12,631.32,1194.0,6,315.66,597.0,4,210.44,398.0,44.0,2314.84,4378.0,0.16,4.89,486.44,1691.5,106.25,15.0,4.0,2019-12-30
758226,6953156290853,ACJHQ-01       ,BASEUS                        ,26.0,50.0,104,9,0,0.0,0.0,0,0.0,0.0,0,0.0,0.0,0,0.0,0.0,1,26.0,50.0,2,52.0,100.0,2,52.0,100.0,1,26.0,50.0,2,52.0,100.0,8.0,208.0,400.0,0.03,0.89,44.44,450.0,300.0,43.0,10.0,2020-07-11
758227,6953156290860,ACJHQ-0S       ,BASEUS                        ,26.0,50.0,104,9,0,0.0,0.0,0,0.0,0.0,0,0.0,0.0,0,0.0,0.0,0,0.0,0.0,3,78.0,150.0,1,26.0,50.0,0,0.0,0.0,0,0.0,0.0,4.0,104.0,200.0,0.01,0.44,22.22,450.0,900.0,129.0,30.0,2022-03-03
758228,6953156261358,SUHZ-01        ,BASEUS                        ,14.0,35.0,73,6,0,0.0,0.0,0,0.0,0.0,0,0.0,0.0,0,0.0,0.0,2,28.0,70.0,14,196.0,490.0,16,224.0,560.0,1,14.0,35.0,0,0.0,0.0,33.0,462.0,1155.0,0.12,3.67,128.33,210.0,50.0,7.0,2.0,2019-11-04
758229,6953156261365,SUHZ-2S        ,BASEUS                        ,14.0,35.0,73,0,0,0.0,0.0,0,0.0,0.0,0,0.0,0.0,0,0.0,0.0,0,0.0,0.0,0,0.0,0.0,0,0.0,0.0,0,0.0,0.0,0,0.0,0.0,0.0,0.0,0.0,0.0,0.0,0.0,0.0,0.0,,,null
758230,6971680477397,RPH0890        ,ROCK                          ,18.0,35.0,73,0,0,0.0,0.0,0,0.0,0.0,0,0.0,0.0,0,0.0,0.0,0,0.0,0.0,0,0.0,0.0,0,0.0,0.0,0,0.0,0.0,0,0.0,0.0,0.0,0.0,0.0,0.0,0.0,0.0,0.0,0.0,,,null
758231,7447902862290,BHL-715        ,BRAVEN                        ,12.0,30.0,62,19,0,0.0,0.0,0,0.0,0.0,0,0.0,0.0,0,0.0,0.0,33,396.0,990.0,50,600.0,1500.0,34,408.0,1020.0,29,348.0,870.0,7,84.0,210.0,153.0,1836.0,4590.0,0.56,17.0,510.0,570.0,33.93,5.0,1.0,2019-10-19
758233,6953156289734,SGAPIPH58-WA01 ,BASEUS                        ,9.66,40.0,83,6,0,0.0,0.0,0,0.0,0.0,0,0.0,0.0,0,0.0,0.0,10,96.6,400.0,23,222.18,920.0,26,251.16,1040.0,12,115.92,480.0,0,0.0,0.0,71.0,685.86,2840.0,0.26,7.89,315.56,240.0,23.08,3.0,1.0,2019-10-08
758234,6953156289796,SGAPIPH65-WA01 ,BASEUS                        ,10.26,40.0,83,6,0,0.0,0.0,0,0.0,0.0,0,0.0,0.0,0,0.0,0.0,2,20.52,80.0,14,143.64,560.0,7,71.82,280.0,0,0.0,0.0,0,0.0,0.0,23.0,235.98,920.0,0.08,2.56,102.22,240.0,75.0,11.0,2.0,2019-11-29
758235,6953156289758,SGAPIPH58-WC01 ,BASEUS                        ,15.69,45.0,93,20,0,0.0,0.0,0,0.0,0.0,0,0.0,0.0,0,0.0,0.0,12,188.28,540.0,15,235.35,675.0,21,329.49,945.0,5,78.45,225.0,2,31.38,90.0,55.0,862.95,2475.0,0.2,6.11,275.0,900.0,100.0,14.0,3.0,2019-12-24
758236,6953156289819,SGAPIPH65-WC01 ,BASEUS                        ,16.0,45.0,93,20,0,0.0,0.0,0,0.0,0.0,0,0.0,0.0,0,0.0,0.0,11,176.0,495.0,15,240.0,675.0,19,304.0,855.0,0,0.0,0.0,1,16.0,45.0,46.0,736.0,2070.0,0.17,5.11,230.0,900.0,117.65,17.0,4.0,2020-01-11
758241,6953156288935,CAHUB-T01      ,BASEUS                        ,55.18,114.5,241,0,0,0.0,0.0,0,0.0,0.0,0,0.0,0.0,0,0.0,0.0,0,0.0,0.0,0,0.0,0.0,0,0.0,0.0,0,0.0,0.0,0,0.0,0.0,0.0,0.0,0.0,0.0,0.0,0.0,0.0,0.0,,,null
758244,6953156290488,CABA01-01      ,BASEUS                        ,18.32,44.5,94,0,0,0.0,0.0,0,0.0,0.0,0,0.0,0.0,0,0.0,0.0,0,0.0,0.0,0,0.0,0.0,0,0.0,0.0,0,0.0,0.0,0,0.0,0.0,0.0,0.0,0.0,0.0,0.0,0.0,0.0,0.0,,,null
758245,6953156290495,CABA01-09      ,BASEUS                        ,18.32,44.5,94,0,0,0.0,0.0,0,0.0,0.0,0,0.0,0.0,12,219.84,534.0,0,0.0,0.0,0,0.0,0.0,0,0.0,0.0,0,0.0,0.0,0,0.0,0.0,12.0,219.84,534.0,0.04,1.33,59.33,0.0,0.0,0.0,0.0,null
762676,6953156291492,CATXF-0G       ,BASEUS                        ,107.84,125.0,259,0,0,0.0,0.0,0,0.0,0.0,0,0.0,0.0,0,0.0,0.0,0,0.0,0.0,0,0.0,0.0,0,0.0,0.0,0,0.0,0.0,0,0.0,0.0,0.0,0.0,0.0,0.0,0.0,0.0,0.0,0.0,,,null
762677,6953156291638,SULR-0G        ,BASEUS                        ,21.07,45.0,89,10,0,0.0,0.0,0,0.0,0.0,0,0.0,0.0,0,0.0,0.0,0,0.0,0.0,9,189.63,405.0,19,400.33,855.0,15,316.05,675.0,1,21.07,45.0,44.0,927.08,1980.0,0.16,4.89,220.0,450.0,62.5,9.0,2.0,2019-11-17
762678,6953156286979,CATYW-B03      ,BASEUS                        ,14.404375,40.0,79,5,0,0.0,0.0,0,0.0,0.0,0,0.0,0.0,0,0.0,0.0,0,0.0,0.0,3,43.21,120.0,1,14.4,40.0,1,14.4,40.0,0,0.0,0.0,5.0,72.01,200.0,0.02,0.56,22.22,200.0,250.0,36.0,8.0,2020-05-22
762679,6953156286962,CATYW-B01      ,BASEUS                        ,14.39,40.0,79,17,0,0.0,0.0,0,0.0,0.0,0,0.0,0.0,0,0.0,0.0,5,71.95,200.0,10,143.9,400.0,8,115.12,320.0,5,71.95,200.0,1,14.39,40.0,29.0,417.31,1160.0,0.11,3.22,128.89,680.0,154.55,22.0,5.0,2020-02-17
762680,6953156286986,CATYW-B09      ,BASEUS                        ,14.39,40.0,79,4,0,0.0,0.0,0,0.0,0.0,0,0.0,0.0,0,0.0,0.0,0,0.0,0.0,4,57.56,160.0,3,43.17,120.0,0,0.0,0.0,1,14.39,40.0,8.0,115.12,320.0,0.03,0.89,35.56,160.0,133.33,19.0,4.0,2020-01-26
762681,6953156284739,CATSR-01       ,BASEUS                        ,8.43,30.0,59,9,0,0.0,0.0,0,0.0,0.0,0,0.0,0.0,0,0.0,0.0,5,42.15,150.0,5,42.15,150.0,4,33.72,120.0,6,50.58,180.0,1,8.43,30.0,21.0,177.03,630.0,0.08,2.33,70.0,270.0,112.5,16.0,4.0,2020-01-06
762682,6953156284746,CATSR-09       ,BASEUS                        ,8.43,30.0,59,8,0,0.0,0.0,0,0.0,0.0,0,0.0,0.0,0,0.0,0.0,2,16.86,60.0,6,50.58,180.0,10,84.3,300.0,0,0.0,0.0,1,8.43,30.0,19.0,160.17,570.0,0.07,2.11,63.33,240.0,114.29,16.0,4.0,2020-01-07
762683,7447902861064,BCC-36W        ,BASEUS                        ,13.44,45.0,89,11,0,0.0,0.0,0,0.0,0.0,0,0.0,0.0,0,0.0,0.0,11,147.84,495.0,17,228.48,765.0,20,268.8,900.0,8,107.52,360.0,0,0.0,0.0,56.0,752.64,2520.0,0.21,6.22,280.0,495.0,52.38,7.0,2.0,2019-11-06
766138,6953156295483,WX3IN1-01      ,BASEUS                        ,51.18,95.0,199,12,0,0.0,0.0,0,0.0,0.0,0,0.0,0.0,0,0.0,0.0,0,0.0,0.0,0,0.0,0.0,9,460.62,855.0,11,562.98,1045.0,5,255.9,475.0,25.0,1279.5,2375.0,0.09,2.78,263.89,1140.0,133.33,19.0,4.0,2020-01-26
766139,6953156295490,WX3IN1-02      ,BASEUS                        ,55.17,95.0,199,41,0,0.0,0.0,0,0.0,0.0,0,0.0,0.0,0,0.0,0.0,0,0.0,0.0,0,0.0,0.0,8,441.36,760.0,14,772.38,1330.0,7,386.19,665.0,29.0,1599.93,2755.0,0.11,3.22,306.11,3895.0,372.73,53.0,12.0,2020-09-22
766140,6953156293618,CA1T4-I0G      ,BASEUS                        ,28.96253968,65.0,139,0,0,0.0,0.0,0,0.0,0.0,0,0.0,0.0,0,0.0,0.0,0,0.0,0.0,0,0.0,0.0,0,0.0,0.0,0,0.0,0.0,0,0.0,0.0,0.0,0.0,0.0,0.0,0.0,0.0,0.0,0.0,,,null
766141,6953156295117,WIAPIPH58-QA01 ,BASEUS                        ,6.6,30.0,59,29,0,0.0,0.0,0,0.0,0.0,0,0.0,0.0,0,0.0,0.0,0,0.0,0.0,0,0.0,0.0,8,52.8,240.0,8,52.8,240.0,4,26.4,120.0,20.0,132.0,600.0,0.07,2.22,66.67,870.0,414.29,59.0,14.0,2020-11-02
766142,6953156295124,WIAPIPH58-QA02 ,BASEUS                        ,6.6,30.0,59,42,0,0.0,0.0,0,0.0,0.0,0,0.0,0.0,0,0.0,0.0,0,0.0,0.0,0,0.0,0.0,7,46.2,210.0,3,19.8,90.0,1,6.6,30.0,11.0,72.6,330.0,0.04,1.22,36.67,1260.0,1050.0,150.0,35.0,2022-07-31
